longitude,latitude,date
10.0,10.0,2024-01-01 10:00:00+00:00
10.0,10.0,2024-01-02 10:00:00+00:00
10.0,10.0,2024-01-03 10:00:00+00:00
10.0,10.0,2024-01-04 10:00:00+00:00
10.0,10.0,2024-01-05 10:00:00+00:00
10.0,10.0,2024-01-06 10:00:00+00:00
10.0,10.0,2024-01-07 10:00:00+00:00
10.0,10.0,2024-01-08 10:00:00+00:00
10.0,10.0,2024-01-09 10:00:00+00:00
10.0,10.0,2024-01-10 10:00:00+00:00
20.0,20.0,2024-01-10 10:00:00+00:00
20.0,20.0,2024-01-11 10:00:00+00:00
20.0,20.0,2024-01-12 10:00:00+00:00
20.0,20.0,2024-01-13 10:00:00+00:00
20.0,20.0,2024-01-14 10:00:00+00:00
20.0,20.0,2024-01-15 10:00:00+00:00
20.0,20.0,2024-01-16 10:00:00+00:00
20.0,20.0,2024-01-17 10:00:00+00:00
20.0,20.0,2024-01-18 10:00:00+00:00
20.0,20.0,2024-01-19 10:00:00+00:00
30.0,30.0,2024-01-01 10:00:00+00:00
30.0,30.0,2024-01-02 10:00:00+00:00
30.0,30.0,2024-01-03 10:00:00+00:00
30.0,30.0,2024-01-04 10:00:00+00:00
30.0,30.0,2024-01-05 10:00:00+00:00
30.0,30.0,2024-01-06 10:00:00+00:00
30.0,30.0,2024-01-07 10:00:00+00:00
30.0,30.0,2024-01-08 10:00:00+00:00
40.0,40.0,2024-01-01 10:00:00+00:00
40.0,40.0,2024-01-02 10:00:00+00:00
40.0,40.0,2024-01-03 10:00:00+00:00
40.0,40.0,2024-01-04 10:00:00+00:00
40.0,40.0,2024-01-05 10:00:00+00:00
40.0,40.0,2024-01-06 10:00:00+00:00
40.0,40.0,2024-01-07 10:00:00+00:00
40.0,40.0,2024-01-08 10:00:00+00:00
40.03,40.04,2024-01-01 10:00:00+00:00
40.03,40.04,2024-01-02 10:00:00+00:00
40.03,40.04,2024-01-03 10:00:00+00:00
40.03,40.04,2024-01-04 10:00:00+00:00
40.03,40.04,2024-01-05 10:00:00+00:00
40.03,40.04,2024-01-06 10:00:00+00:00
40.03,40.04,2024-01-07 10:00:00+00:00
40.03,40.04,2024-01-08 10:00:00+00:00
