dataset,approach,workers,partitions,runs,median_s,min_s,max_s,job_s,pair,cooccurrences
full,aggregate,0,4,1,926.64,926.641,926.641,952,"((38.8, -122.8), (38.8, -122.7))",10014
full,aggregate,0,8,1,792.19,792.186,792.186,815,"((38.8, -122.8), (38.8, -122.7))",10014
full,aggregate,0,16,3,804.6,790.725,808.834,830,"((38.8, -122.8), (38.8, -122.7))",10014
full,aggregate,0,32,1,589.91,589.906,589.906,612,"((38.8, -122.8), (38.8, -122.7))",10014
full,aggregate,2,8,1,398.76,398.756,398.756,425,"((38.8, -122.8), (38.8, -122.7))",10014
full,aggregate,2,16,1,405.45,405.446,405.446,431,"((38.8, -122.8), (38.8, -122.7))",10014
full,aggregate,2,32,3,304.98,301.977,313.423,327,"((38.8, -122.8), (38.8, -122.7))",10014
full,aggregate,2,64,1,282.38,282.376,282.376,308,"((38.8, -122.8), (38.8, -122.7))",10014
full,aggregate,3,12,1,275.89,275.887,275.887,297,"((38.8, -122.8), (38.8, -122.7))",10014
full,aggregate,3,24,1,220.74,220.742,220.742,240,"((38.8, -122.8), (38.8, -122.7))",10014
full,aggregate,3,48,3,214.53,202.622,221.049,236,"((38.8, -122.8), (38.8, -122.7))",10014
full,aggregate,3,96,1,180.35,180.346,180.346,206,"((38.8, -122.8), (38.8, -122.7))",10014
full,aggregate,4,16,1,219.74,219.735,219.735,242,"((38.8, -122.8), (38.8, -122.7))",10014
full,aggregate,4,32,1,165.06,165.055,165.055,193,"((38.8, -122.8), (38.8, -122.7))",10014
full,aggregate,4,64,3,151.53,145.557,164.293,177,"((38.8, -122.8), (38.8, -122.7))",10014
full,aggregate,4,128,1,132.94,132.939,132.939,154,"((38.8, -122.8), (38.8, -122.7))",10014
full,groupbykey,0,16,1,910.12,910.115,910.115,933,"((38.8, -122.8), (38.8, -122.7))",10014
full,groupbykey,2,32,1,323.29,323.291,323.291,346,"((38.8, -122.8), (38.8, -122.7))",10014
full,groupbykey,3,48,1,213.41,213.412,213.412,238,"((38.8, -122.8), (38.8, -122.7))",10014
full,groupbykey,4,64,1,151.07,151.067,151.067,177,"((38.8, -122.8), (38.8, -122.7))",10014
full,pruning,0,4,1,41.37,41.368,41.368,64,"((38.8, -122.8), (38.8, -122.7))",10014
full,pruning,0,8,1,41.78,41.777,41.777,70,"((38.8, -122.8), (38.8, -122.7))",10014
full,pruning,0,16,3,49.44,48.659,49.775,75,"((38.8, -122.8), (38.8, -122.7))",10014
full,pruning,0,32,1,50.13,50.128,50.128,74,"((38.8, -122.8), (38.8, -122.7))",10014
full,pruning,2,8,1,31.49,31.492,31.492,58,"((38.8, -122.8), (38.8, -122.7))",10014
full,pruning,2,16,1,31.52,31.519,31.519,58,"((38.8, -122.8), (38.8, -122.7))",10014
full,pruning,2,32,3,35.44,33.292,36.422,63,"((38.8, -122.8), (38.8, -122.7))",10014
full,pruning,2,64,1,37.67,37.669,37.669,60,"((38.8, -122.8), (38.8, -122.7))",10014
full,pruning,3,12,1,29.61,29.615,29.615,54,"((38.8, -122.8), (38.8, -122.7))",10014
full,pruning,3,24,1,32.01,32.012,32.012,57,"((38.8, -122.8), (38.8, -122.7))",10014
full,pruning,3,48,3,36.73,35.452,38.611,59,"((38.8, -122.8), (38.8, -122.7))",10014
full,pruning,3,96,1,36.05,36.049,36.049,58,"((38.8, -122.8), (38.8, -122.7))",10014
full,pruning,4,16,1,27.47,27.472,27.472,51,"((38.8, -122.8), (38.8, -122.7))",10014
full,pruning,4,32,1,30.52,30.524,30.524,53,"((38.8, -122.8), (38.8, -122.7))",10014
full,pruning,4,64,3,30.88,30.366,31.42,52,"((38.8, -122.8), (38.8, -122.7))",10014
full,pruning,4,128,1,36.05,36.045,36.045,64,"((38.8, -122.8), (38.8, -122.7))",10014
